Unnamed: 0,R,SV,A,MDG,Sp,V,KrF,H,FrP,FNB,INP
Ikke kommentert / I svært liten grad,18.0,13.0,18.0,6.0,27.0,10.0,22.0,27.0,41.0,67.0,49.0
I ganske liten grad,27.0,28.000000000000004,29.0,28.000000000000004,34.0,35.0,18.0,28.000000000000004,28.000000000000004,33.0,21.0
I verken liten eller stor grad,31.0,36.0,37.0,41.0,26.0,36.0,40.0,30.0,16.0,0.0,18.0
I ganske stor grad,20.0,16.0,11.0,21.0,10.0,15.0,11.0,10.0,7.000000000000001,0.0,10.0
I svært stor grad,1.0,3.0,1.0,2.0,1.0,2.0,0.0,1.0,0.0,0.0,0.0
Vet ikke,3.0,4.0,4.0,3.0,4.0,3.0,9.0,5.0,7.000000000000001,0.0,3.0
