Unnamed: 0,R,SV,A,MDG,Sp,V,KrF,H,FrP,FNB,INP
Stemmer svært dårlig,23.0,9.0,21.0,7.000000000000001,45.0,8.0,29.0,37.0,69.0,33.0,81.0
Stemmer ganske dårlig,19.0,13.0,22.0,2.0,22.0,16.0,24.0,23.0,12.0,67.0,10.0
Stemmer verken dårlig eller godt,16.0,19.0,24.0,17.0,20.0,28.000000000000004,18.0,22.0,10.0,0.0,4.0
Stemmer ganske godt,26.0,34.0,22.0,33.0,9.0,22.0,16.0,12.0,4.0,0.0,4.0
Stemmer svært godt,15.0,19.0,7.000000000000001,38.0,3.0,21.0,5.0,3.0,2.0,0.0,0.0
Vet ikke,1.0,5.0,4.0,3.0,1.0,5.0,7.000000000000001,2.0,3.0,0.0,1.0
