,Stemmer svært/ganske dårlig,Stemmer verken dårlig eller godt,Stemmer svært/ganske godt,Vet ikke
R,25.0,25.0,45.0,5.0
SV,12.0,15.0,63.0,11.0
A,12.0,18.0,64.0,5.0
MDG,15.0,21.0,57.0,7.000000000000001
Sp,30.0,15.0,49.0,6.0
V,15.0,16.0,67.0,2.0
KrF,24.0,15.0,57.0,5.0
H,21.0,18.0,58.0,4.0
FrP,44.0,21.0,30.0,6.0
FNB,33.0,67.0,0.0,0.0
INP,71.0,7.000000000000001,22.0,0.0
