Unnamed: 0,R,SV,A,MDG,Sp,V,KrF,H,FrP,FNB,INP
(Nesten) Daglig,2.0,4.0,3.0,7.000000000000001,1.0,3.0,0.0,2.0,2.0,0.0,8.0
Ukentlig,29.0,27.0,20.0,33.0,11.0,18.0,7.000000000000001,13.0,14.000000000000002,0.0,7.000000000000001
Månedlig,27.0,35.0,31.0,37.0,32.0,46.0,27.0,30.0,18.0,67.0,25.0
Sjeldnere,33.0,28.000000000000004,39.0,17.0,44.0,26.0,49.0,45.0,47.0,33.0,44.0
Aldri,5.0,2.0,5.0,2.0,9.0,4.0,13.0,8.0,16.0,0.0,11.0
Vet ikke,4.0,4.0,2.0,5.0,4.0,2.0,4.0,3.0,4.0,0.0,5.0
