Unnamed: 0,R,SV,A,MDG,Sp,V,KrF,H,FrP,FNB,INP
Ja,46.0,49.0,40.0,65.0,32.0,43.0,35.0,21.0,15.0,0.0,5.0
Nei,34.0,35.0,50.0,25.0,56.99999999999999,46.0,53.0,72.0,73.0,33.0,88.0
Ikke relevant (flyr ikke / spiser ikke rødt kjøtt / osv.),19.0,16.0,9.0,10.0,11.0,11.0,13.0,6.0,12.0,67.0,7.000000000000001
