Unnamed: 0,R,SV,A,MDG,Sp,V,KrF,H,FrP,FNB,INP
Ja,49.0,57.99999999999999,45.0,66.0,26.0,56.99999999999999,45.0,32.0,13.0,0,12.0
Nei,39.0,31.0,51.0,19.0,73.0,32.0,51.0,65.0,84.0,1,84.0
Ikke relevant (flyr ikke / spiser ikke rødt kjøtt / osv.),12.0,11.0,4.0,15.0,1.0,11.0,4.0,3.0,3.0,0,4.0
